# Page numbers are commented so you can reference a section via ctrl + F

# YAML format
# - location: ~
#   category: ~
#   title: ~
#   desc: ~
#   phone:
#     - desc: ~ 
#       number: ~ 
#   website: ~
#   email: ~
#   hours: ~
#   address: ~ 
---

#1
- location: Los Angeles City
  category: Adolescent Resources
  title: California Youth Crisis Line
  desc: ~
  phone:
    - desc: ~ 
      number: (800) 448-4663 
  website: ~
  email: ~
  hours: ~
  address: ~ 
#2
- location: Los Angeles City
  category: Adolescent Resources
  title: National Runaway Switchboard
  desc: ~
  phone:
    - desc: ~ 
      number: (800) 621-4000
  website: ~
  email: ~
  hours: ~
  address: ~ 
#3
- location: Los Angeles City
  category: Adolescent Resources
  title: Peer to Peer Crisis Teen Line
  desc: ~
  phone:
    - desc: ~ 
      number: (800) 852-8336
  website: ~
  email: ~
  hours: ~
  address: ~ 
#4
- location: Los Angeles City
  category: Adolescent Resources
  title: Teen Solutions
  desc: For families of teens in trouble, teensolutions.com
  phone:
    - desc: ~ 
      number: (800) 429-6099 
  website: teensolutions.com
  email: ~
  hours: ~
  address: ~ 















  
#5
- location: Los Angeles City
  category: Domestic Violence Shelters
  title: Valley Oasis - Antelope Valley
  desc: ~
  phone:
    - desc: ~ 
      number: (661) 949-1916
  website: ~
  email: ~
  hours: ~
  address: P.O. Box 4226, Lancaster, CA 93539 
#6
- location: Los Angeles City
  category: Domestic Violence Shelters
  title: Good Shepherd Shelter - Central & West Los Angeles
  desc: ~
  phone:
    - desc: ~ 
      number: (323) 737-6111
  website: ~
  email: ~
  hours: ~
  address: P.O. Box 19487, Los Angeles, CA 90019
#7
- location: Los Angeles City
  category: Domestic Violence Shelters
  title: House of Ruth - Pomona
  desc: ~
  phone:
    - desc: ~ 
      number: (909) 623-4364
  website: ~
  email: ~
  hours: ~
  address: P.O. Box 459, Claremont, CA 91711
#8
- location: Los Angeles City
  category: Domestic Violence Shelters
  title: Haven Hills - San Fernando Valley
  desc: ~
  phone:
    - desc: ~ 
      number: (818) 887-7481
  website: ~
  email: ~
  hours: ~
  address: P.O. Box 260, Canoga Park, CA 91305
#9
- location: Los Angeles City
  category: Domestic Violence Shelters
  title: Tamar House Family Violence Project - San Fernando Valley
  desc: ~
  phone:
    - desc: ~ 
      number: (818) 908-5007
  website: ~
  email: ~
  hours: ~
  address: 8134 Van Nuys Blvd., Panorama City, CA 91402
#10
- location: Los Angeles City
  category: Domestic Violence Shelters
  title: Angel Step Inn - San Gabriel Valley & East Los Angeles
  desc: ~
  phone:
    - desc: ~ 
      number: (562) 906-5061
  website: ~
  email: ~
  hours: ~
  address: P.O. Box 689, Downey, CA 90241
#11
- location: Los Angeles City
  category: Domestic Violence Shelters
  title: Glendale YWCA DV Project - San Gabriel Valley & East Los Angeles
  desc: ~ 
  phone:
    - desc: ~ 
      number: (818) 242-4155
  website: ~
  email: ~
  hours: ~
  address: 735 E. Lexington Dr., Glendale, CA 91206
#12
- location: Los Angeles City
  category: Domestic Violence Shelters
  title: Pathways DV Shelter - San Gabriel Valley & East Los Angeles
  desc: ~
  phone:
    - desc: ~ 
      number: (626) 350-4029
  website: ~
  email: ~
  hours: ~
  address: 3800 Penn Marr, El Monte, CA 91732
#13
- location: Los Angeles City
  category: Domestic Violence Shelters
  title: 1736 Family Crisis Center - South Bay
  desc: ~
  phone:
    - desc: ~ 
      number: (310) 372-4674
  website: ~
  email: ~
  hours: ~
  address: 103 Torrance Blvd., Suite 101, Redondo Beach, CA 90277
#14
- location: Los Angeles City
  category: Domestic Violence Shelters
  title: Rainbow Services - South Bay
  desc: ~
  phone:
    - desc: ~ 
      number: ~
  website: ~
  email: ~
  hours: ~
  address: P.O. Box 627, San Pedro, CA 90733








#15
- location: Los Angeles City
  category: Who to Call
  title: Adult Protective Services
  desc: 24 hours per day; 7 days per week
  phone:
    - desc: ~ 
      number: (800) 451-5155
  website: ~
  email: ~
  hours: ~
  address: ~
#16
- location: Los Angeles City
  category: Who to Call
  title: Domestic Violence Hotline
  desc: ~
  phone:
    - desc: ~ 
      number: (800) 978-3600
  website: ~
  email: ~
  hours: ~
  address: ~
#17
- location: Los Angeles City
  category: Who to Call
  title: National Domestic Violence Hotline
  desc: ~
  phone:
    - desc: ~ 
      number: (800) 799-SAFE
  website: ~
  email: ~
  hours: ~
  address: ~
#18
- location: Los Angeles City
  category: Who to Call
  title: SafeWay Out
  desc: 24 hour shelter and counseling for homicide and gang victims
  phone:
    - desc: ~ 
      number: (800) 978-3600
  website: ~
  email: ~
  hours: ~
  address: ~
#19
- location: Los Angeles City
  category: Who to Call
  title: VINE - Victim Information and Notification Everyday
  desc: A service by the Los Angeles County Sheriff’s Department to notify you when the status of an inmate changes.
  phone:
    - desc: ~ 
      number: (800) 721-8021
  website: http://www.vinelink.com/
  email: ~
  hours: ~
  address: ~
#20
- location: Los Angeles City
  category: Who to Call
  title: Five Acres
  desc: ~
  phone:
    - desc: ~ 
      number: (626) 355-4545
  website: http://www.5acres.org/
  email: ~
  hours: ~
  address: ~










#21
- location: Los Angeles City
  category: Shelter Hotlines
  title: Assn. to Aid Victims of Domestic Violence - Antelope Valley, Palmdale & Santa Clarita
  desc: ~ 
  phone:
    - desc: ~ 
      number: (805) 259-4357
  website: ~
  email: ~
  hours: ~
  address: ~
#22
- location: Los Angeles City
  category: Shelter Hotlines
  title: Valley Oasis - Antelope Valley, Palmdale & Santa Clarita
  desc: ~ 
  phone:
    - desc: ~ 
      number: (805) 945-6736
  website: ~
  email: ~
  hours: ~
  address: ~
#23
- location: Los Angeles City
  category: Shelter Hotlines
  title: Oshun - Antelope Valley, Palmdale & Santa Clarita
  desc: ~
  phone:
    - desc: ~ 
      number: (805) 727-1299
  website: ~
  email: ~
  hours: ~
  address: ~
#24
- location: Los Angeles City
  category: Shelter Hotlines
  title: Center for Pacific Asian Family - Central & West Los Angeles
  desc: ~
  phone:
    - desc: ~ 
      number: (213) 653-4042
  website: ~
  email: ~
  hours: ~
  address: ~
#25
- location: Los Angeles City
  category: Shelter Hotlines
  title: Dominguez Family Shelter - Central & West Los Angeles
  desc: ~
  phone:
    - desc: ~ 
      number: (310) 764-4022
  website: ~
  email: ~
  hours: ~
  address: ~
#26
- location: Los Angeles City
  category: Shelter Hotlines
  title: Sojourn - Central & West Los Angeles
  desc: ~
  phone:
    - desc: ~ 
      number: (310) 264-6644
  website: ~
  email: ~
  hours: ~
  address: ~
#27
- location: Los Angeles City
  category: Shelter Hotlines
  title: Good Shepherd Shelter - Central & West Los Angeles
  desc: ~
  phone:
    - desc: ~ 
      number: (213) 737-6111
  website: ~
  email: ~
  hours: ~
  address: ~
#28
- location: Los Angeles City
  category: Shelter Hotlines
  title: House of Ruth - Pomona
  desc: ~
  phone:
    - desc: ~ 
      number: (909) 988-5559
  website: ~
  email: ~
  hours: ~
  address: ~
#29
- location: Los Angeles City
  category: Shelter Hotlines
  title: Haven Hills - San Fernando Valley
  desc: ~
  phone:
    - desc: ~ 
      number: (818) 887-6589
  website: ~
  email: ~
  hours: ~
  address: ~
#30
- location: Los Angeles City
  category: Shelter Hotlines
  title: Tamar House - San Fernando Valley
  desc: ~
  phone:
    - desc: ~ 
      number: (818) 505-0900
  website: ~
  email: ~
  hours: ~
  address: ~

#31
- location: Los Angeles City
  category: Shelter Hotlines
  title: Angel Step Inn - San Gabriel Valley & East Los Angeles
  desc: ~
  phone:
    - desc: ~ 
      number: (562) 906-5060
  website: ~
  email: ~
  hours: ~
  address: ~
#32
- location: Los Angeles City
  category: Shelter Hotlines
  title: East L.A. Shelter - San Gabriel Valley & East Los Angeles
  desc: ~
  phone:
    - desc: ~ 
      number: (213) 268-7564
  website: ~
  email: ~
  hours: ~
  address: ~
#33
- location: Los Angeles City
  category: Shelter Hotlines
  title: El Monte Youth Development Center - San Gabriel Valley & East Los Angeles
  desc: (Pathways Domestic Violence Shelter)
  phone:
    - desc: ~ 
      number: (626) 455-0026
  website: ~
  email: ~
  hours: ~
  address: ~
#34
- location: Los Angeles City
  category: Shelter Hotlines
  title: Glendale YWCA - San Gabriel Valley & East Los Angeles
  desc: ~
  phone:
    - desc: ~ 
      number: (818) 242-1106
  website: ~
  email: ~
  hours: ~
  address: ~
#35
- location: Los Angeles City
  category: Shelter Hotlines
  title: Women & Children Crisis Center - San Gabriel Valley & East Los Angeles
  desc: ~
  phone:
    - desc: ~ 
      number: (562) 945-3939
  website: ~
  email: ~
  hours: ~
  address: ~
#36
- location: Los Angeles City
  category: Shelter Hotlines
  title: YWCA-WINGS - San Gabriel Valley & East Los Angeles
  desc: ~
  phone:
    - desc: ~ 
      number: (626) 967-0658
  website: ~
  email: ~
  hours: ~
  address: ~
#37
- location: Los Angeles City
  category: Shelter Hotlines
  title: 1736 Family Crisis Center - South Central
  desc: ~
  phone:
    - desc: ~ 
      number: (213) 745-6434
  website: ~
  email: ~
  hours: ~
  address: ~
#38
- location: Los Angeles City
  category: Shelter Hotlines
  title: Jenesse Center - South Central
  desc: ~
  phone:
    - desc: ~ 
      number: (213) 731-6500
  website: ~
  email: ~
  hours: ~
  address: ~
#39
- location: Los Angeles City
  category: Shelter Hotlines
  title: 1736 Family Crisis Center - South Bay
  desc: ~
  phone:
    - desc: ~ 
      number: (310) 379-3620
  website: ~
  email: ~
  hours: ~
  address: ~
#40
- location: Los Angeles City
  category: Shelter Hotlines
  title: Rainbow Services - South Bay
  desc: ~
  phone:
    - desc: ~ 
      number: (310) 547-9343
  website: ~
  email: ~
  hours: ~
  address: ~
#41
- location: Los Angeles City
  category: Shelter Hotlines
  title: Su Casa - South Bay
  desc: ~
  phone:
    - desc: ~
      number: (562) 421-3297
    - desc: 24 Hour Hotline
      number: (562) 402-4888
  website: http://www.sucasadv.org/
  email: ~
  hours: ~
  address: 3840 Woodruff Ave., Suite 203, Long Beach, CA 90808
#42
- location: Los Angeles City
  category: Shelter Hotlines
  title: Women Shelter of Long Beach - South Bay
  desc: ~
  phone:
    - desc: ~ 
      number: (562) 437-7233
  website: http://www.womenshelterlb.org/
  email: ~
  hours: ~
  address: 930 Pacific Ave., Long Beach, CA 90813
#43
- location: Los Angeles City
  category: Shelter Hotlines
  title: Center for Pacific Asian Family…24 Hour Hotline - South Bay
  desc: ~ 
  phone:
    - desc: ~ 
      number: (800) 339-3940
  website: http://www.nurturingchange.org/
  email: ~
  hours: ~
  address: "543 N. Fairfax Ave. #108, Los Angeles, CA 90036"
#44
- location: Los Angeles City
  category: Shelter Hotlines
  title: Sojourn Services for Battered Women and Their Children (a project of OPCC) - South Bay
  desc: "Mission Statement: Sojourn provides women and their children a safe space to regroup,
rebuild and reestablish their self-esteem and lives. Sojourn honors diversity, serving
without discrimination clients of any cases, culture, race, ethnicity, age, faith, sexual
orientation, physical and mental ability or immigration status, including those who are
traditionally underserved. Sojourn fosters solidarity among women and children, educates
the community and society, and is committed to effecting political and social change
through grassroots activism and a philosophy of individual empowerment."
  phone:
    - desc: ~ 
      number: (310) 264-6644
  website: http://www.opcc.org/
  email: ~
  hours: ~
  address: 1453 16th St., Santa Monica, CA 90404-2715






#45
- location: Los Angeles City
  category: Legal Resources
  title: AARP Legal Network Services
  desc: ~ 
  phone:
    - desc: ~ 
      number: (800) 424-3410
  website: ~
  email: ~
  hours: ~
  address: ~
#46
- location: Los Angeles City
  category: Legal Resources
  title: Legal Aid Society Foundation
  desc: ~ 
  phone:
    - desc: ~ 
      number: (800) 399-4529
  website: http://www.lafla.org/
  email: ~
  hours: ~
  address: ~
#47
- location: Los Angeles City
  category: Legal Resources
  title: Los Angeles County Bar Association
  desc: ~ 
  phone:
    - desc: ~ 
      number: (213) 627-2727
  website: http://www.lacba.org/
  email: ~
  hours: ~
  address: ~
#48
- location: Los Angeles City
  category: Legal Resources
  title: Lawyer Referral and Information Service
  desc: ~ 
  phone:
    - desc: ~ 
      number: (213) 243-1525
  website: http://www.smartlaw.org/
  email: ~
  hours: ~
  address: ~







#49
- location: Los Angeles City
  category: Branches & Area Courts
  title: Airport Branch
  desc: ~ 
  phone:
    - desc: ~ 
      number: (310) 727-6500
  website: ~
  email: ~
  hours: ~
  address: ~
#50
- location: Los Angeles City
  category: Branches & Area Courts
  title: Alhambra Branch
  desc: ~ 
  phone:
    - desc: ~ 
      number: (626) 308-5302
  website: ~
  email: ~
  hours: ~
  address: ~
#51
- location: Los Angeles City
  category: Branches & Area Courts
  title: Antelope Valley Branch
  desc: ~ 
  phone:
    - desc: ~ 
      number: (661) 974-7700
  website: ~
  email: ~
  hours: ~
  address: ~
#52
- location: Los Angeles City
  category: Branches & Area Courts
  title: Compton Branch
  desc: ~ 
  phone:
    - desc: ~ 
      number: (310) 603-7483
  website: ~
  email: ~
  hours: ~
  address: ~
#53
- location: Los Angeles City
  category: Branches & Area Courts
  title: Long Beach Branch
  desc: ~ 
  phone:
    - desc: ~ 
      number: (562) 491-6301
  website: ~
  email: ~
  hours: ~
  address: ~
#54
- location: Los Angeles City
  category: Branches & Area Courts
  title: Norwalk Branch
  desc: ~ 
  phone:
    - desc: ~ 
      number: (562) 807-7212
  website: ~
  email: ~
  hours: ~
  address: ~
#55
- location: Los Angeles City
  category: Branches & Area Courts
  title: Pasadena Branch
  desc: ~ 
  phone:
    - desc: ~ 
      number: (626) 356-5620
  website: ~
  email: ~
  hours: ~
  address: ~
#56
- location: Los Angeles City
  category: Branches & Area Courts
  title: Pomona Branch
  desc: ~ 
  phone:
    - desc: ~ 
      number: (909) 620-3350
  website: ~
  email: ~
  hours: ~
  address: ~
#57
- location: Los Angeles City
  category: Branches & Area Courts
  title: San Fernando Branch
  desc: ~ 
  phone:
    - desc: ~ 
      number: (818) 898-2511
  website: ~
  email: ~
  hours: ~
  address: ~
#58
- location: Los Angeles City
  category: Branches & Area Courts
  title: Torrance Branch
  desc: ~ 
  phone:
    - desc: ~ 
      number: (310) 222-3552
  website: ~
  email: ~
  hours: ~
  address: ~
#59
- location: Los Angeles City
  category: Branches & Area Courts
  title: Van Nuys Branch
  desc: ~ 
  phone:
    - desc: ~ 
      number: (818) 374-2400
  website: ~
  email: ~
  hours: ~
  address: ~
#60
- location: Los Angeles City
  category: Branches & Area Courts
  title: Bellflower Area
  desc: ~ 
  phone:
    - desc: ~ 
      number: (562) 804-8085
  website: ~
  email: ~
  hours: ~
  address: ~
#61
- location: Los Angeles City
  category: Branches & Area Courts
  title: E. Los Angeles Area
  desc: ~ 
  phone:
    - desc: ~ 
      number: (323) 780-2032
  website: ~
  email: ~
  hours: ~
  address: ~
#62
- location: Los Angeles City
  category: Branches & Area Courts
  title: Downey Area
  desc: ~ 
  phone:
    - desc: ~ 
      number: (562) 803-7100
  website: ~
  email: ~
  hours: ~
  address: ~
#63
- location: Los Angeles City
  category: Branches & Area Courts
  title: El Monte Area
  desc: ~ 
  phone:
    - desc: ~ 
      number: (626) 575-4155
  website: ~
  email: ~
  hours: ~
  address: ~
#64
- location: Los Angeles City
  category: Branches & Area Courts
  title: Glendale Area
  desc: ~ 
  phone:
    - desc: ~ 
      number: (818) 500-3593
  website: ~
  email: ~
  hours: ~
  address: ~
#65
- location: Los Angeles City
  category: Branches & Area Courts
  title: Inglewood Area
  desc: ~ 
  phone:
    - desc: ~ 
      number: (310) 419-5182
  website: ~
  email: ~
  hours: ~
  address: ~
#66
- location: Los Angeles City
  category: Branches & Area Courts
  title: Santa Clarita Area
  desc: ~ 
  phone:
    - desc: ~ 
      number: (661) 253-7244
  website: ~
  email: ~
  hours: ~
  address: ~
#67
- location: Los Angeles City
  category: Branches & Area Courts
  title: West Covina Area
  desc: ~ 
  phone:
    - desc: ~ 
      number: (626) 813-3301
  website: ~
  email: ~
  hours: ~
  address: ~






#68
- location: Los Angeles City
  category: DA Juvenile Offices
  title: Antelope Valley Juvenile
  desc: ~ 
  phone:
    - desc: ~ 
      number: (661) 945-6435
  website: ~
  email: ~
  hours: ~
  address: ~
#69
- location: Los Angeles City
  category: DA Juvenile Offices
  title: Burbank Satellite
  desc: ~ 
  phone:
    - desc: ~ 
      number: (818) 557-3525
  website: ~
  email: ~
  hours: ~
  address: ~
#70
- location: Los Angeles City
  category: DA Juvenile Offices
  title: Compton Juvenile
  desc: ~ 
  phone:
    - desc: ~ 
      number: (310) 603-7462
  website: ~
  email: ~
  hours: ~
  address: ~
#71
- location: Los Angeles City
  category: DA Juvenile Offices
  title: Eastlake Juvenile
  desc: ~ 
  phone:
    - desc: ~ 
      number: (323) 226-8955
  website: ~
  email: ~
  hours: ~
  address: ~
#72
- location: Los Angeles City
  category: DA Juvenile Offices
  title: Inglewood Juvenile
  desc: ~ 
  phone:
    - desc: ~ 
      number: (310) 419-5255
  website: ~
  email: ~
  hours: ~
  address: ~
#73
- location: Los Angeles City
  category: DA Juvenile Offices
  title: Long Beach Juvenile
  desc: ~ 
  phone:
    - desc: ~ 
      number: (562) 491-6349
  website: ~
  email: ~
  hours: ~
  address: ~
#74
- location: Los Angeles City
  category: DA Juvenile Offices
  title: Los Angeles HQ
  desc: ~ 
  phone:
    - desc: ~ 
      number: (213) 974-3512
  website: ~
  email: ~
  hours: ~
  address: ~
#75
- location: Los Angeles City
  category: DA Juvenile Offices
  title: Los Padrinos Juvenile
  desc: ~ 
  phone:
    - desc: ~ 
      number: (562) 940-8827
  website: ~
  email: ~
  hours: ~
  address: ~
#76
- location: Los Angeles City
  category: DA Juvenile Offices
  title: Pasadena Juvenile
  desc: ~ 
  phone:
    - desc: ~ 
      number: (626) 356-5785
  website: ~
  email: ~
  hours: ~
  address: ~
#77
- location: Los Angeles City
  category: DA Juvenile Offices
  title: Pomona Juvenile
  desc: ~ 
  phone:
    - desc: ~ 
      number: (909) 868-5322
  website: ~
  email: ~
  hours: ~
  address: ~
#78
- location: Los Angeles City
  category: DA Juvenile Offices
  title: Sylmar Juvenile
  desc: ~ 
  phone:
    - desc: ~ 
      number: (818) 364-2122
  website: ~
  email: ~
  hours: ~
  address: ~
#79
- location: Los Angeles City
  category: DA Juvenile Offices
  title: Alhambra Area Office
  desc: ~ 
  phone:
    - desc: ~ 
      number: (626) 308-5542
  website: ~
  email: ~
  hours: ~
  address: ~
#80
- location: Los Angeles City
  category: DA Juvenile Offices
  title: Antelope Valley Juvenile Office
  desc: ~ 
  phone:
    - desc: ~ 
      number: (661) 951-1519
  website: ~
  email: ~
  hours: ~
  address: ~

#81
- location: Los Angeles City
  category: DA Juvenile Offices
  title: Antelope Valley Sub Office
  desc: ~ 
  phone:
    - desc: ~ 
      number: (661) 974-7600
  website: ~
  email: ~
  hours: ~
  address: ~










#82
- location: Los Angeles City
  category: Probation Departments
  title: Centinela Area Office
  desc: ~ 
  phone:
    - desc: ~ 
      number: (323) 241-5800
  website: ~
  email: ~
  hours: ~
  address: ~
#83
- location: Los Angeles City
  category: Probation Departments
  title: Crenshaw Area Office
  desc: ~ 
  phone:
    - desc: ~ 
      number: (323) 298-3511
  website: ~
  email: ~
  hours: ~
  address: ~
#84
- location: Los Angeles City
  category: Probation Departments
  title: East Los Angeles Area Office
  desc: ~ 
  phone:
    - desc: ~ 
      number: (323) 780-2185
  website: ~
  email: ~
  hours: ~
  address: ~
#85
- location: Los Angeles City
  category: Probation Departments
  title: East San Fernando Valley Office
  desc: ~ 
  phone:
    - desc: ~ 
      number: (818) 374-2000
  website: ~
  email: ~
  hours: ~
  address: ~
#86
- location: Los Angeles City
  category: Probation Departments
  title: Firestone Area Office 
  desc: ~ 
  phone:
    - desc: ~ 
      number: (323) 586-6469
  website: ~
  email: ~
  hours: ~
  address: ~
#87
- location: Los Angeles City
  category: Probation Departments
  title: Foothill Area Office
  desc: ~ 
  phone:
    - desc: ~ 
      number: (626) 356-5281
  website: ~
  email: ~
  hours: ~
  address: ~
#88
- location: Los Angeles City
  category: Probation Departments
  title: Harbor Area Office
  desc: ~ 
  phone:
    - desc: ~ 
      number: (310) 222-2672
  website: ~
  email: ~
  hours: ~
  address: ~
#89
- location: Los Angeles City
  category: Probation Departments
  title: Long Beach Area Office
  desc: ~ 
  phone:
    - desc: ~ 
      number: (562) 491-5807
  website: ~
  email: ~
  hours: ~
  address: ~
#90
- location: Los Angeles City
  category: Probation Departments
  title: Pomona Valley Area Office
  desc: ~ 
  phone:
    - desc: ~ 
      number: (909) 469-4500
  website: ~
  email: ~
  hours: ~
  address: ~

#91
- location: Los Angeles City
  category: Probation Departments
  title: Pretrial Services – Bauchet Office 
  desc: ~ 
  phone:
    - desc: ~ 
      number: (213) 974-5821
  website: ~
  email: ~
  hours: ~
  address: ~
#92
- location: Los Angeles City
  category: Probation Departments
  title: Pretrial Services – Wilshire Office 
  desc: ~ 
  phone:
    - desc: ~ 
      number: (213) 351-0373
  website: ~
  email: ~
  hours: ~
  address: ~
#93
- location: Los Angeles City
  category: Probation Departments
  title: Rio Hondo Area Office 
  desc: ~ 
  phone:
    - desc: ~ 
      number: (562) 908-3119
  website: ~
  email: ~
  hours: ~
  address: ~
#94
- location: Los Angeles City
  category: Probation Departments
  title: Riverview Area Office 
  desc: ~ 
  phone:
    - desc: ~ 
      number: (626) 579-8506
  website: ~
  email: ~
  hours: ~
  address: ~
#95
- location: Los Angeles City
  category: Probation Departments
  title: San Gabriel Valley Area Office 
  desc: ~ 
  phone:
    - desc: ~ 
      number: (626) 575-4059
  website: ~
  email: ~
  hours: ~
  address: ~
#96
- location: Los Angeles City
  category: Probation Departments
  title: Santa Monica Area Office 
  desc: ~ 
  phone:
    - desc: ~ 
      number: (310) 260-3542
  website: ~
  email: ~
  hours: ~
  address: ~
#97
- location: Los Angeles City
  category: Probation Departments
  title: Santa Monica Sub Office (Airport) 
  desc: ~ 
  phone:
    - desc: ~ 
      number: (310) 727-6153
  website: ~
  email: ~
  hours: ~
  address: ~
#98
- location: Los Angeles City
  category: Probation Departments
  title: South Central Area Office 
  desc: ~ 
  phone:
    - desc: ~ 
      number: (310) 603-7311
  website: ~
  email: ~
  hours: ~
  address: ~
#99
- location: Los Angeles City
  category: Probation Departments
  title: Valencia Sub Office 
  desc: ~ 
  phone:
    - desc: ~ 
      number: (661) 253-7271
  website: ~
  email: ~
  hours: ~
  address: ~
#100
- location: Los Angeles City
  category: Probation Departments
  title: Van Nuys (Juvenile) Area Office 
  desc: ~ 
  phone:
    - desc: ~ 
      number: (818) 373-8114
  website: ~
  email: ~
  hours: ~
  address: ~

#101
- location: Los Angeles City
  category: Probation Departments
  title: Van Nuys Juvenile Investigation Sub Office 
  desc: ~ 
  phone:
    - desc: ~ 
      number: (818) 374-6959
  website: ~
  email: ~
  hours: ~
  address: ~
#102
- location: Los Angeles City
  category: Probation Departments
  title: 
  desc: ~ 
  phone:
    - desc: ~ 
      number: 
  website: ~
  email: ~
  hours: ~
  address: ~





#103
- location: Los Angeles City
  category: Sheriff Stations
  title: Altadena
  desc: ~ 
  phone: 
    - desc: ~ 
      number: (626) 798-1131
  website: ~
  email: ~
  hours: ~
  address: ~
#104
- location: Los Angeles City
  category: Sheriff Stations
  title: Avalon
  desc: ~ 
  phone: 
    - desc: ~ 
      number: (310) 510-0174
  website: ~
  email: ~
  hours: ~
  address: ~
#105
- location: Los Angeles City
  category: Sheriff Stations
  title: Carson
  desc: ~ 
  phone: 
    - desc: ~ 
      number: (310) 830-1123
  website: ~
  email: ~
  hours: ~
  address: ~
#106
- location: Los Angeles City
  category: Sheriff Stations
  title: Century
  desc: ~ 
  phone: 
    - desc: ~ 
      number: (323) 568-4800
  website: ~
  email: ~
  hours: ~
  address: ~
#107
- location: Los Angeles City
  category: Sheriff Stations
  title: Cerritos
  desc: ~ 
  phone: 
    - desc: ~ 
      number: (562) 860-0044
  website: ~
  email: ~
  hours: ~
  address: ~
#108
- location: Los Angeles City
  category: Sheriff Stations
  title: Compton
  desc: ~ 
  phone: 
    - desc: ~ 
      number: (310) 605-6500
  website: ~
  email: ~
  hours: ~
  address: ~
#109
- location: Los Angeles City
  category: Sheriff Stations
  title: Crescenta Valley
  desc: ~ 
  phone: 
    - desc: ~ 
      number: (818) 248-3464
  website: ~
  email: ~
  hours: ~
  address: ~
#110
- location: Los Angeles City
  category: Sheriff Stations
  title: East Los Angeles
  desc: ~ 
  phone: 
    - desc: ~ 
      number: (323) 264-4151
  website: ~
  email: ~
  hours: ~
  address: ~
#111
- location: Los Angeles City
  category: Sheriff Stations
  title: Industry
  desc: ~ 
  phone: 
    - desc: ~ 
      number: (626) 330-3322
  website: ~
  email: ~
  hours: ~
  address: ~
#112
- location: Los Angeles City
  category: Sheriff Stations
  title: Lakewood
  desc: ~ 
  phone: 
    - desc: ~ 
      number: (562) 866-9061
  website: ~
  email: ~
  hours: ~
  address: ~
#113
- location: Los Angeles City
  category: Sheriff Stations
  title: Lancaster
  desc: ~ 
  phone: 
    - desc: ~ 
      number: (661) 948-8466
  website: ~
  email: ~
  hours: ~
  address: ~
#114
- location: Los Angeles City
  category: Sheriff Stations
  title: Lennox
  desc: ~ 
  phone: 
    - desc: ~ 
      number: (310) 671-7531
  website: ~
  email: ~
  hours: ~
  address: ~
#115
- location: Los Angeles City
  category: Sheriff Stations
  title: Lomita
  desc: ~ 
  phone: 
    - desc: ~ 
      number: (310) 539-1661
  website: ~
  email: ~
  hours: ~
  address: ~
#116
- location: Los Angeles City
  category: Sheriff Stations
  title: Malibu / Lost Hills
  desc: ~ 
  phone: 
    - desc: ~ 
      number: (818) 878-1808
  website: ~
  email: ~
  hours: ~
  address: ~
#117
- location: Los Angeles City
  category: Sheriff Stations
  title: Marina Del Rey
  desc: ~ 
  phone: 
    - desc: ~ 
      number: (310) 823-7762
  website: ~
  email: ~
  hours: ~
  address: ~
#118
- location: Los Angeles City
  category: Sheriff Stations
  title: Norwalk 
  desc: ~ 
  phone: 
    - desc: ~ 
      number: (562) 863-8711
  website: ~
  email: ~
  hours: ~
  address: ~
#119
- location: Los Angeles City
  category: Sheriff Stations
  title: Palmdale
  desc: ~ 
  phone: 
    - desc: ~ 
      number: (661) 267-4300
  website: ~
  email: ~
  hours: ~
  address: ~
#120
- location: Los Angeles City
  category: Sheriff Stations
  title: Pico Rivera
  desc: ~ 
  phone: 
    - desc: ~ 
      number: (562) 949-2421
  website: ~
  email: ~
  hours: ~
  address: ~
#121
- location: Los Angeles City
  category: Sheriff Stations
  title: San Dimas
  desc: ~ 
  phone: 
    - desc: ~ 
      number: (909) 450-2700
  website: ~
  email: ~
  hours: ~
  address: ~
#122
- location: Los Angeles City
  category: Sheriff Stations
  title: Santa Clarita Valley
  desc: ~ 
  phone: 
    - desc: ~ 
      number: (661) 255-1121
  website: ~
  email: ~
  hours: ~
  address: ~
#123
- location: Los Angeles City
  category: Sheriff Stations
  title: Temple
  desc: ~ 
  phone: 
    - desc: ~ 
      number: (626) 285-7171
  website: ~
  email: ~
  hours: ~
  address: ~
#124
- location: Los Angeles City
  category: Sheriff Stations
  title: Walnut/Diamond Bar
  desc: ~ 
  phone: 
    - desc: ~ 
      number: (626) 913-1715
  website: ~
  email: ~
  hours: ~
  address: ~
#125
- location: Los Angeles City
  category: Sheriff Stations
  title: (Walnut Sheriff’s Srv. Ctr.)
  desc: ~ 
  phone: 
    - desc: ~ 
      number: (909) 559-4957
  website: ~
  email: ~
  hours: ~
  address: ~
#126
- location: Los Angeles City
  category: Sheriff Stations
  title: West Hollywood
  desc: ~ 
  phone: 
    - desc: ~ 
      number: (310) 855-8850
  website: ~
  email: ~
  hours: ~
  address: ~









#127
- location: Los Angeles City
  category: Police Departments
  title: Central Community Station
  desc: ~ 
  phone: 
    - desc: ~ 
      number: (213) 486-6606
  website: ~
  email: ~
  hours: ~
  address: ~
#128
- location: Los Angeles City
  category: Police Departments
  title: Devonshire Community Station
  desc: ~ 
  phone: 
    - desc: ~ 
      number: (818) 832-0633
  website: ~
  email: ~
  hours: ~
  address: ~
#129
- location: Los Angeles City
  category: Police Departments
  title: Foothill Community Station
  desc: ~ 
  phone: 
    - desc: ~ 
      number: (818) 756-8861
  website: ~
  email: ~
  hours: ~
  address: ~
#130
- location: Los Angeles City
  category: Police Departments
  title: Harbor Community Station
  desc: ~ 
  phone: 
    - desc: ~ 
      number: (310) 726-7700
  website: ~
  email: ~
  hours: ~
  address: ~
#131
- location: Los Angeles City
  category: Police Departments
  title: Hollenbeck Community Station
  desc: ~ 
  phone: 
    - desc: ~ 
      number: (323) 342-4100
  website: ~
  email: ~
  hours: ~
  address: ~
#132
- location: Los Angeles City
  category: Police Departments
  title: Hollywood Community Station
  desc: ~ 
  phone: 
    - desc: ~ 
      number: (213) 972-2971
  website: ~
  email: ~
  hours: ~
  address: ~
#133
- location: Los Angeles City
  category: Police Departments
  title: Mission Community Station
  desc: ~ 
  phone: 
    - desc: ~ 
      number: (818) 838-9800
  website: ~
  email: ~
  hours: ~
  address: ~
#134
- location: Los Angeles City
  category: Police Departments
  title: Newton Community Station
  desc: ~ 
  phone: 
    - desc: ~ 
      number: (323) 846-6547
  website: ~
  email: ~
  hours: ~
  address: ~
#135
- location: Los Angeles City
  category: Police Departments
  title: North Hollywood Community Station
  desc: ~ 
  phone: 
    - desc: ~ 
      number: (818) 623-4016
  website: ~
  email: ~
  hours: ~
  address: ~
#136
- location: Los Angeles City
  category: Police Departments
  title: Northeast Community Station
  desc: ~ 
  phone: 
    - desc: ~ 
      number: (213) 561-3211
  website: ~
  email: ~
  hours: ~
  address: ~
#137
- location: Los Angeles City
  category: Police Departments
  title: Olympic Community Station
  desc: ~ 
  phone: 
    - desc: ~ 
      number: (213) 382-9109
  website: ~
  email: ~
  hours: ~
  address: ~
#138
- location: Los Angeles City
  category: Police Departments
  title: Pacific Community Station
  desc: ~ 
  phone: 
    - desc: ~ 
      number: (310) 482-6334
  website: ~
  email: ~
  hours: ~
  address: ~
#139
- location: Los Angeles City
  category: Police Departments
  title: Rampart Community Station
  desc: ~ 
  phone: 
    - desc: ~ 
      number: (213) 489-3010
  website: ~
  email: ~
  hours: ~
  address: ~
#140
- location: Los Angeles City
  category: Police Departments
  title: 77th Community Station
  desc: ~ 
  phone: 
    - desc: ~ 
      number: (213) 485-4164
  website: ~
  email: ~
  hours: ~
  address: ~
#141
- location: Los Angeles City
  category: Police Departments
  title: Southeast Community Station
  desc: ~ 
  phone: 
    - desc: ~ 
      number: (213) 972-1012
  website: ~
  email: ~
  hours: ~
  address: ~
#142
- location: Los Angeles City
  category: Police Departments
  title: Southwest Community Station
  desc: ~ 
  phone: 
    - desc: ~ 
      number: (213) 485-2582
  website: ~
  email: ~
  hours: ~
  address: ~
#143
- location: Los Angeles City
  category: Police Departments
  title: Topanga Community Station
  desc: ~ 
  phone: 
    - desc: ~ 
      number: (818) 756-4800
  website: ~
  email: ~
  hours: ~
  address: ~
#144
- location: Los Angeles City
  category: Police Departments
  title: Van Nuys Community Station
  desc: ~ 
  phone: 
    - desc: ~ 
      number: (818) 374-9500
  website: ~
  email: ~
  hours: ~
  address: ~
#145
- location: Los Angeles City
  category: Police Departments
  title: West Los Angeles Community Station
  desc: ~ 
  phone: 
    - desc: ~ 
      number: (310) 444-0701
  website: ~
  email: ~
  hours: ~
  address: ~
#146
- location: Los Angeles City
  category: Police Departments
  title: West Valley Community Station
  desc: ~ 
  phone: 
    - desc: ~ 
      number: (818) 374-7611
  website: ~
  email: ~
  hours: ~
  address: ~
#147
- location: Los Angeles City
  category: Police Departments
  title: Wilshire Community Station
  desc: ~ 
  phone: 
    - desc: ~ 
      number: (213) 473-0476
  website: ~
  email: ~
  hours: ~
  address: ~








#148
- location: Los Angeles City
  category: Sexual Assault/Rape
  title: Su Casa Family Crisis & Support Center - Artesia
  desc: ~ 
  phone: 
    - desc: ~ 
      number: (562) 402-4888
  website: ~
  email: ~
  hours: ~
  address: ~
#149
- location: Los Angeles City
  category: Sexual Assault/Rape
  title: Cerritos Psychological Center
  desc: ~ 
  phone: 
    - desc: ~ 
      number: (562) 860-2210
  website: ~
  email: ~
  hours: ~
  address: ~
#150

#151
- location: Los Angeles City
  category: Sexual Assault/Rape
  title: Safe at Home; Confidential Address Program
  desc: ~ 
  phone: 
    - desc: ~ 
      number: (877) 322-5227
  website: ~
  email: ~
  hours: ~
  address: ~
#152
- location: Los Angeles City
  category: Sexual Assault/Rape
  title: Project S.I.S.T.E.R.  - Claremont
  desc: ~ 
  phone: 
    - desc: ~ 
      number: (626) 966-4155
  website: ~
  email: ~
  hours: ~
  address: ~
#153
- location: Los Angeles City
  category: Sexual Assault/Rape
  title: Y.W.C.A. of Los Angeles - Compton
  desc: ~ 
  phone: 
    - desc: ~ 
      number: (310) 764-1403
  website: ~
  email: ~
  hours: ~
  address: ~
#154
- location: Los Angeles City
  category: Sexual Assault/Rape
  title: South Bay Rape Crisis Center - Lameda
  desc: ~ 
  phone: 
    - desc: ~ 
      number: (310) 545-2111
  website: ~
  email: ~
  hours: ~
  address: ~
#155
- location: Los Angeles City
  category: Sexual Assault/Rape
  title: Sexual Assault Crisis Agency - Long Beach
  desc: ~ 
  phone: 
    - desc: ~ 
      number: (562) 402-4888
  website: ~
  email: ~
  hours: ~
  address: ~
#156
- location: Los Angeles City
  category: Sexual Assault/Rape
  title: Center for the Pacific-Asian Families, Inc - Long Beach
  desc: ~ 
  phone: 
    - desc: ~ 
      number: (800) 339-3940
  website: ~
  email: ~
  hours: ~
  address: ~
#157
- location: Los Angeles City
  category: Sexual Assault/Rape
  title: Coalition to Abolish Slavery & Trafficking - Long Beach
  desc: ~ 
  phone: 
    - desc: ~ 
      number: (213) 365-1906
  website: ~
  email: ~
  hours: ~
  address: ~
#158
- location: Los Angeles City
  category: Sexual Assault/Rape
  title: East Los Angeles Rape & Battering Hotline - Long Beach
  desc: ~ 
  phone: 
    - desc: ~ 
      number: (800) 585-6231
  website: ~
  email: ~
  hours: ~
  address: ~
#159
- location: Los Angeles City
  category: Sexual Assault/Rape
  title: Immaculate Care Center, Inc - Long Beach
  desc: ~ 
  phone: 
    - desc: ~ 
      number: (213) 383-1124
  website: ~
  email: ~
  hours: ~
  address: ~
#160
- location: Los Angeles City
  category: Sexual Assault/Rape
  title: Peace Over Violence - Long Beach
  desc: ~ 
  phone: 
    - desc: ~ 
      number: (213) 626-3393
  website: ~
  email: ~
  hours: ~
  address: ~
#161
- location: Los Angeles City
  category: Sexual Assault/Rape
  title: Rosa Parks Rape Crisis Center - Long Beach
  desc: ~ 
  phone: 
    - desc: ~ 
      number: (310) 854-4319
  website: ~
  email: ~
  hours: ~
  address: ~
#162
- location: Los Angeles City
  category: Sexual Assault/Rape
  title: Stalking and Threat Assessment Team - Long Beach
  desc: ~ 
  phone: 
    - desc: ~ 
      number: (213) 974-3950
  website: ~
  email: ~
  hours: ~
  address: ~
#163
- location: Los Angeles City
  category: Sexual Assault/Rape
  title: Foothill Family Services Agency - Pasadena
  desc: ~ 
  phone: 
    - desc: ~ 
      number: (626) 564-1613
  website: ~
  email: ~
  hours: ~
  address: ~
#164
- location: Los Angeles City
  category: Sexual Assault/Rape
  title: Rape Trauma Center UCLA - Santa Monica
  desc: ~ 
  phone: 
    - desc: ~ 
      number: (310) 319-4000
  website: ~
  email: ~
  hours: ~
  address: ~
#165
- location: Los Angeles City
  category: Sexual Assault/Rape
  title: Rape Treatment Center UCLA
  desc: ~ 
  phone: 
    - desc: ~ 
      number: (310) 319-4000
  website: ~
  email: ~
  hours: ~
  address: ~
#166
- location: Los Angeles City
  category: Sexual Assault/Rape
  title: Sojourn Services for Battered Women
  desc: ~ 
  phone: 
    - desc: ~ 
      number: (310) 264-6644
  website: ~
  email: ~
  hours: ~
  address: ~
#167
- location: Los Angeles City
  category: Sexual Assault/Rape
  title: Clinical Counseling Center - Sherman Oaks
  desc: ~ 
  phone: 
    - desc: ~ 
      number: (818) 986-1161
  website: ~
  email: ~
  hours: ~
  address: ~
#168
- location: Los Angeles City
  category: Sexual Assault/Rape
  title: Strength United
  desc: ~ 
  phone: 
    - desc: ~ 
      number: (818) 886-0453
  website: ~
  email: ~
  hours: ~
  address: ~
#169
- location: Los Angeles City
  category: Sexual Assault/Rape
  title: Stalking Resource Center - Washington
  desc: ~ 
  phone: 
    - desc: ~ 
      number: (800) FYI-CALL
  website: ~
  email: ~
  hours: ~
  address: ~
#170
- location: Los Angeles City
  category: Sexual Assault/Rape
  title: Foothill Family Services Agency - West Covina
  desc: ~ 
  phone: 
    - desc: ~ 
      number: (626) 338-9200
  website: ~
  email: ~
  hours: ~
  address: ~






#171
- location: Los Angeles City
  category: Suicide Resources
  title: Hotline of Southern California
  desc: ~ 
  phone: 
    - desc: ~ 
      number: (562) 596-5548
  website: ~
  email: ~
  hours: ~
  address: ~
#172
- location: Los Angeles City
  category: Suicide Resources
  title: National Hope Line Network
  desc: ~ 
  phone: 
    - desc: ~ 
      number: (800) 784-2433
  website: ~
  email: ~
  hours: ~
  address: ~
#173
- location: Los Angeles City
  category: Suicide Resources
  title: Suicide Hotline
  desc: ~ 
  phone: 
    - desc: ~ 
      number: 1-800-SUICIDE (784-2344)
  website: ~
  email: ~
  hours: ~
  address: ~
#174
- location: Los Angeles City
  category: Suicide Resources
  title: Suicide Hotline for Adolescents
  desc: ~ 
  phone: 
    - desc: ~ 
      number: (800) 999-9999
  website: ~
  email: ~
  hours: ~
  address: ~
#175
- location: Los Angeles City
  category: Suicide Resources
  title: Suicide Hotline for Teens
  desc: ~ 
  phone: 
    - desc: ~ 
      number: (800) 949-0057
  website: ~
  email: ~
  hours: ~
  address: ~




#176
- location: Los Angeles City
  category: Suicide Resources
  title: California Missing Children Hotline
  desc: ~ 
  phone: 
    - desc: ~ 
      number: (800) 222-3463
  website: ~
  email: ~
  hours: ~
  address: ~
#177
- location: Los Angeles City
  category: Suicide Resources
  title: Mothers Against Drunk Drivers (MADD)
  desc: ~ 
  phone: 
    - desc: ~ 
      number: (800) I-AM-MADD
  website: ~
  email: ~
  hours: ~
  address: ~







#178
- location: Los Angeles City
  category: Therapists/Counselors
  title: Infolink Los Angeles County
  desc: ~ 
  phone: 
    - desc: ~ 
      number: 2-1-1
  website: ~
  email: ~
  hours: ~
  address: ~
#179
- location: Los Angeles City
  category: Therapists/Counselors
  title: Casa de la Familia
  desc: ~ 
  phone: 
    - desc: ~ 
      number: (213) 384-7848
  website: ~
  email: ~
  hours: ~
  address: ~
#180
- location: Los Angeles City
  category: Therapists/Counselors
  title: Los Angeles County Psychological Association
  desc: ~ 
  phone: 
    - desc: ~ 
      number: (818) 905-0410
  website: ~
  email: ~
  hours: ~
  address: ~
#181
- location: Los Angeles City
  category: Therapists/Counselors
  title: Pasadena Mental Health Center (PMHC)
  desc: ~ 
  phone: 
    - desc: ~ 
      number: (626) 798-0907
  website: ~
  email: ~
  hours: ~
  address: ~






#182
- location: Los Angeles City
  category: Crime Victim Services
  title: Victims of Crime Resource Center
  desc: Please refer to website for locations and phone numbers to resources in your area.
  phone: 
    - desc: ~ 
      number: (800) VICTIMS
  website: www.1800victims.org 
  email: victims2@pacific.edu
  hours: ~
  address: ~

#183
- location: Los Angeles City
  category: Crime Victim Services
  title: Victims of Crime Resource Center
  desc: Please refer to website for locations and phone numbers to resources in your area. 
  phone: 
    - desc: ~ 
      number: (800) VICTIMS
  website: ~
  email: ~
  hours: ~
  address: ~
#184
- location: Los Angeles City
  category: Crime Victim Services
  title: California Victim Compensation Program (CalVCB)
  desc: CalVCB can help pay bills and expenses that result from certain violent crimes.
        Victims of crime who have been injured or have been threatened with injury may
        be eligible for help
  phone: 
    - desc: ~ 
      number: (800) 777-9229
  website: ~
  email: info@victims.ca.gov
  hours: ~
  address: ~
#185
- location: Los Angeles City
  category: Crime Victim Services
  title: Crime Survivors, Inc.
  desc: Advice, guidance, and support for victims of crime
  phone: 
    - desc: ~ 
      number: (949) 872-7895
  website: ~
  email: ~
  hours: ~
  address: ~
#186
- location: Los Angeles City
  category: Crime Victim Services
  title: Crime Victims’ Reparations Board
  desc: ~
  phone: 
    - desc: ~ 
      number: (800) 562-5874
  website: ~
  email: ~
  hours: ~
  address: ~
#187
- location: Los Angeles City
  category: Crime Victim Services
  title: National Organization for Victim Assistance
  desc: ~
  phone: 
    - desc: ~ 
      number: (800) TRY-NOVA
  website: ~
  email: ~
  hours: ~
  address: ~
#188
- location: Los Angeles City
  category: Crime Victim Services
  title: National Victim Center
  desc: ~
  phone: 
    - desc: ~ 
      number: (800) FYI-CALL
  website: ~
  email: ~
  hours: ~
  address: ~
#189
- location: Los Angeles City
  category: Crime Victim Services
  title: Parents of Murdered Children
  desc: POMC is a national non-profit organization dedicated to families and friends of those
  who have died by violence. All chapters offer monthly support groups, parole blocks,
  court accompaniment, community outreach and education.
  phone: 
    - desc: ~ 
      number: ~
  website: ~
  email: ~
  hours: ~
  address: ~
#190
- location: Los Angeles City
  category: Crime Victim Services
  title: Antelope Valley Chapter
  desc: P.O. Box 900932, Palmdale, CA 93590
  phone: 
    - desc: ~ 
      number: (661) 949-2720
  website: ~
  email: Gotheart935@aol.com
  hours: ~
  address: ~
#191
- location: Los Angeles City
  category: Crime Victim Services
  title: Greater Orange County Chapter
  desc: P.O. Box 67, Brea, CA 92822-0067
  phone: 
    - desc: ~ 
      number: (714) 999-7132
  website: www.gocpomc.org 
  email: gocpomc@yahoo.com
  hours: ~
  address: ~
#192
- location: Los Angeles City
  category: Crime Victim Services
  title: Inland Empire Chapter
  desc: P.O. Box 9413, Alta Loma, CA 91701
  phone: 
    - desc: ~ 
      number: (909) 987-6164
  website: www.pomc.org
  email: iecpomc@aol.com 
  hours: ~
  address: ~
#193
- location: Los Angeles City
  category: Crime Victim Services
  title: San Gabriel Chapter
  desc: Please refer to website for locations and phone numbers to resources in your area. 
  phone: 
    - desc: ~ 
      number: (626) 221-5737
  website: www.pomc.org
  email: getyourpowerback@aol.com
  hours: ~
  address: ~
#194
- location: Los Angeles City
  category: Crime Victim Services
  title: Justice For Homicide Victims
  desc: Justice for Homicide Victims is a not-for-profit organization. We provide support and
  information to survivors of homicide about their rights within the criminal justice system
  and all other issues pertaining to the survivors of a victim of murder.
  phone: 
    - desc: ~ 
      number: (310) 457-0030
  website: www.justiceforhomicidevictims.com
  email: ~
  hours: ~
  address: ~
#195
- location: Los Angeles City
  category: Crime Victim Services
  title: Homicide Victims Memorial Foundation
  desc: The Homicide Victims Memorial is a unique outdoor interactive theater and the first
  memorial in the nation dedicated exclusively to homicide victims. This beautiful, peaceful
  memorial is provided by Justice for Homicide Victims, Inc. as a place for victims’ families
  and friends to remember and honor their loved ones.
  phone: 
    - desc: ~ 
      number: (562) 860-7303
  website: www.HVMFoundation.org 
  email: info@hvmfoundation.org
  hours: ~
  address: Rose Hills Mortuary and Cemetery, Whittier, CA 90601
#196
- location: Los Angeles City
  category: Crime Victim Services
  title: Loved Ones Victims Services
  desc: Loved Ones Victims Services (LOVS) is dedicated to meeting the emotional and physical
  needs of family members and friends who have lost loved ones to homicide. Our primary
  objective is to provide individual, family, and group counseling for all, with an immediate
  focus on young children.
  phone: 
    - desc: ~ 
      number: (800) VICTIMS
  website: www.lovs.org
  email: ~
  hours: ~
  address: 5701 W. Slauson Ave., Ste. 116, Culver City, CA 90230
#197
- location: Los Angeles City
  category: Crime Victim Services
  title: Victims of Crime Resource Center
  desc: Please refer to website for locations and phone numbers to resources in your area. 
  phone: 
    - desc: ~ 
      number: (800) VICTIMS
  website: ~
  email: ~
  hours: ~
  address: ~
#198
- location: Los Angeles City
  category: Crime Victim Services
  title: Families & Friends of Murder Victims (FFMV)
  desc: A non-profit organization dedicated to providing information, support, and
  friendship to persons who have experienced the death of a loved one through
  the violent act of murder.
  Our mission is to restore a sense of hope and to provide a pathway to well-being to
  those who have lost a loved one to murder and to those who are victims of
  attempted murder.
  phone: 
    - desc: ~ 
      number: (909) 798-4803
  website: www.webersons.com 
  email: ffmv.je@verizon.net
  hours: ~
  address: P.O. Box 11222, San Bernardino, CA 92423-1222
#199
- location: Los Angeles City
  category: Crime Victim Services
  title: Violent Trauma Awareness Project
  desc: The Violent Trauma Awareness Project is dedicated to violent trauma victim recovery,
heightened Post Traumatic Stress Disorder awareness and youth leadership development
through valuable community partnerships and effective, responsive, caring programs that
aid in the eradication of violent trauma in our society. 
  phone: 
    - desc: ~ 
      number: (800) VICTIMS
  website: ~
  email: Stopcrime@VTAP.org
  hours: ~
  address: 449 So. Santa Fe Dr., Suite 200, Encinitas, CA 92024
#200
- location: Los Angeles City
  category: Crime Victim Services
  title: Crime Victims United Charitable Foundation
  desc: CVUCF works with At Risk Children Adoptions, Teddy Bears Rooms for Children in
  various Court Houses, Literacy Programs, Victim Support, education and help with
  change of venue.
  phone: 
    - desc: ~ 
      number: (916) 928-4797
  website: www.crimevictimsunited.com 
  email: mail@crimevictimsunited.com
  hours: ~
  address: 1346 N. Market Blvd., Sacramento, CA 95834
#201
- location: Los Angeles City
  category: Crime Victim Services
  title: Justice for Murder Victims
  desc: JMV is a support group in San Francisco for Homicide Victims Survivors. Meetings are held
  on the first Wednesday of each month except August. JMV works with CVUCF with the At
  Risk Children Adoptions and Teddy Bear Rooms.
  phone: 
    - desc: ~ 
      number: (800) VICTIMS
  website: www.vocal-jmv.org
  email: vocal@vocal-jmv.org
  hours: ~
  address: P.O. Box 16670, San Francisco, CA 94116
#202
- location: Los Angeles City
  category: Crime Victim Services
  title: The Joyful Child Foundation
  desc: The Joyful Child Foundation’s programs focus on proactive approaches in dealing with the
  difficult issues of violence against children while celebrating the gift that is every child. 
  phone: 
    - desc: ~ 
      number: (866) 756-9385
  website: www.thejoyfulchildfoundation.org
  email: inquiry@thejoyfulchild.org
  hours: ~
  address: PO Box 12680, Westminster, CA 92685
#203
- location: Los Angeles City
  category: Crime Victim Services
  title: Nicole Brown Foundation
  desc: Our mission is to show the world that violence of any kind is simply wrong. We are here to
  help those who have been hurt, educate those who do not know, and to make a difference
  where no one else will. Domestic violence can be stopped, one person at a time.
  phone: 
    - desc: ~ 
      number: (800) VICTIMS
  website: www.nbcf.org
  email: ~
  hours: ~
  address: PO Box 3777, Dana Point, CA 92629







#204

#205

#206

#207

#208

#209

#210

#211
#212
#213
#214
#215
#216
#217
#218
#219
#220
#221
#222
#223
#224
#225
#226
#227
#228
#229
#230
#231
#232
#233
#234
#235
#236
#237
#238
#239
#240
#241
#242
#243
#244
#245
#246
#247
#248
#249
#250
#251
#252
#253
#254
#255
#256
#257
#258
#259
#260
#261
#262
#263
#264
#265
#266
#267
#268
#269
#270
#271
#272
#273
#274
#275
#276
#277
#278
#279
#280
#281
#282
#283
#284
#285
#286
#287
#288
#289
#290
#291
#292
#293
#294
#295
#296
#297
#298
#299
#300
#301
#302
#303
#304
#305
#306
#307
#308
#309
#310
#311
#312
#313
#314
#315
#316
#317
#318
#319
#320
#321
#322
#323
#324
#325
#326
#327
#328
#329
#330
#331
#332
#333
#334
#335
#336
#337
#338
#339
#340
#341
#342
#343
#344
#345
#346
#347
#348
#349
#350
#351
#352
#353
#354
#355
#356
#357
#358
#359
#360
#361
#362
#363
#364
#365
#366
#367
#368
#369
#370
#371
#372
#373
#374
#375
#376
#377
#378
#379
#380
#381
#382
#383
#384
#385
#386
#387
#388
#389
#390
#391
#392
#393
#394
#395
#396
#397
#398
#399
#400